female/f576.jpg,2
female/f2011.jpg,3
female/f998.jpg,3
female/f245.jpg,5
female/f838.jpg,2
female/f1009.jpg,2
female/f1903.jpg,1
female/f111.jpg,5
female/f2038.jpg,5
female/f1986.jpg,2
female/f334.jpg,2
female/f1508.jpg,4
female/f602.jpg,1
female/f1963.jpg,3
female/f666.jpg,3
female/f462.jpg,5
female/f1483.jpg,1
female/f1215.jpg,5
female/f1894.jpg,5
female/f1367.jpg,5
female/f1298.jpg,4
female/f2044.jpg,3
female/f2110.jpg,1
female/f1113.jpg,1
female/f1059.jpg,1
female/f1533.jpg,2
female/f381.jpg,2
female/f1854.jpg,5
female/f219.jpg,5
female/f337.jpg,3
female/f335.jpg,2
female/f840.jpg,4
female/f1161.jpg,1
female/f1568.jpg,3
female/f690.jpg,3
female/f1818.jpg,5
female/f745.jpg,1
female/f1955.jpg,3
female/f1122.jpg,2
female/f1134.jpg,2
female/f1838.jpg,3
female/f1012.jpg,3
female/f1873.jpg,1
female/f2145.jpg,3
female/f136.jpg,2
female/f191.jpg,1
female/f1350.jpg,3
female/f1402.jpg,4
female/f1665.jpg,3
female/f1586.jpg,2
female/f1128.jpg,1
female/f1951.jpg,5
female/f706.jpg,1
female/f1316.jpg,1
female/f836.jpg,2
female/f1729.jpg,3
female/f1304.jpg,2
female/f1768.jpg,3
female/f960.jpg,1
female/f1467.jpg,1
female/f1588.jpg,2
female/f2152.jpg,2
female/f721.jpg,4
female/f200.jpg,4
female/f1709.jpg,1
female/f910.jpg,5
female/f957.jpg,4
female/f532.jpg,5
female/f1280.jpg,1
female/f225.jpg,5
female/f2055.jpg,2
female/f1448.jpg,5
female/f1874.jpg,2
female/f799.jpg,3
female/f156.jpg,2
female/f1678.jpg,5
female/f1234.jpg,5
female/f420.jpg,1
female/f778.jpg,2
female/f812.jpg,5
female/f1751.jpg,4
female/f323.jpg,5
female/f1199.jpg,3
female/f590.jpg,1
female/f891.jpg,4
female/f519.jpg,3
female/f96.jpg,4
female/f2087.jpg,5
female/f1979.jpg,4
female/f2105.jpg,2
female/f587.jpg,4
female/f383.jpg,2
female/f1647.jpg,5
female/f889.jpg,4
female/f780.jpg,3
female/f264.jpg,1
female/f98.jpg,4
female/f1226.jpg,1
female/f1393.jpg,3
female/f1273.jpg,3
female/f294.jpg,3
female/f480.jpg,4
female/f1812.jpg,3
female/f930.jpg,4
female/f919.jpg,3
female/f308.jpg,5
female/f31.jpg,5
female/f1207.jpg,3
female/f807.jpg,5
female/f1837.jpg,5
female/f966.jpg,1
female/f518.jpg,5
female/f1621.jpg,3
female/f1794.jpg,1
female/f1095.jpg,4
female/f1399.jpg,3
female/f1857.jpg,4
female/f447.jpg,5
female/f907.jpg,1
female/f791.jpg,3
female/f1221.jpg,2
female/f1373.jpg,5
female/f1940.jpg,4
female/f208.jpg,3
female/f945.jpg,2
female/f1117.jpg,4
female/f875.jpg,3
female/f1833.jpg,2
female/f939.jpg,1
female/f148.jpg,1
female/f1233.jpg,4
female/f1698.jpg,5
female/f1342.jpg,3
female/f467.jpg,2
female/f1962.jpg,3
female/f672.jpg,3
female/f1123.jpg,2
female/f1156.jpg,4
female/f229.jpg,5
female/f305.jpg,3
female/f50.jpg,2
female/f189.jpg,2
female/f538.jpg,2
female/f739.jpg,1
female/f656.jpg,4
female/f212.jpg,3
female/f302.jpg,2
female/f65.jpg,5
female/f874.jpg,1
female/f1293.jpg,5
female/f1487.jpg,4
female/f1444.jpg,5
female/f1019.jpg,4
female/f769.jpg,2
female/f1390.jpg,3
female/f1481.jpg,4
female/f549.jpg,3
female/f1578.jpg,1
female/f187.jpg,1
female/f550.jpg,1
female/f1408.jpg,2
female/f505.jpg,5
female/f1301.jpg,3
female/f2100.jpg,2
female/f2054.jpg,1
female/f1618.jpg,2
female/f1637.jpg,2
female/f382.jpg,2
female/f453.jpg,3
female/f1133.jpg,3
female/f2082.jpg,4
female/f221.jpg,2
female/f841.jpg,4
female/f1435.jpg,4
female/f1997.jpg,2
female/f1225.jpg,5
female/f29.jpg,1
female/f1177.jpg,5
female/f989.jpg,3
female/f521.jpg,4
female/f1843.jpg,1
female/f932.jpg,5
female/f877.jpg,2
female/f37.jpg,3
female/f600.jpg,4
female/f169.jpg,2
female/f309.jpg,5
female/f609.jpg,1
female/f2066.jpg,1
female/f2037.jpg,1
female/f1451.jpg,1
female/f635.jpg,1
female/f1105.jpg,1
female/f1289.jpg,3
female/f450.jpg,3
female/f1340.jpg,3
female/f1339.jpg,1
female/f566.jpg,5
female/f983.jpg,3
female/f830.jpg,3
female/f373.jpg,5
female/f1296.jpg,1
female/f1265.jpg,3
female/f2137.jpg,2
female/f89.jpg,5
female/f138.jpg,5
female/f1463.jpg,4
female/f650.jpg,4
female/f1696.jpg,5
female/f1950.jpg,1
female/f134.jpg,5
female/f1450.jpg,5
female/f1482.jpg,4
female/f1636.jpg,2
female/f38.jpg,3
female/f1571.jpg,3
female/f1015.jpg,4
female/f1183.jpg,1
female/f752.jpg,3
female/f1427.jpg,4
female/f580.jpg,3
female/f198.jpg,5
female/f1842.jpg,5
female/f181.jpg,4
female/f146.jpg,2
female/f2091.jpg,2
female/f2157.jpg,1
female/f103.jpg,5
female/f1822.jpg,2
female/f731.jpg,1
female/f271.jpg,2
female/f1419.jpg,5
female/f1382.jpg,1
female/f343.jpg,4
female/f1828.jpg,5
female/f563.jpg,2
female/f1601.jpg,5
female/f1114.jpg,2
female/f1003.jpg,3
female/f1351.jpg,2
female/f817.jpg,4
female/f69.jpg,4
female/f48.jpg,2
female/f691.jpg,2
female/f1691.jpg,3
female/f277.jpg,3
female/f1726.jpg,5
female/f1767.jpg,5
female/f1396.jpg,2
female/f1956.jpg,2
female/f1770.jpg,4
female/f1744.jpg,3
female/f568.jpg,3
female/f1892.jpg,2
female/f1368.jpg,2
female/f1364.jpg,4
female/f478.jpg,4
female/f965.jpg,1
female/f1968.jpg,1
female/f899.jpg,4
female/f2053.jpg,5
female/f2172.jpg,2
female/f289.jpg,5
female/f726.jpg,5
female/f1870.jpg,5
female/f1918.jpg,5
female/f1871.jpg,1
female/f159.jpg,3
female/f1031.jpg,3
female/f1178.jpg,2
female/f1967.jpg,5
female/f256.jpg,3
female/f470.jpg,4
female/f790.jpg,4
female/f7.jpg,5
female/f560.jpg,2
female/f717.jpg,4
female/f1194.jpg,5
female/f133.jpg,5
female/f436.jpg,4
female/f1991.jpg,2
female/f197.jpg,3
female/f1551.jpg,5
female/f1087.jpg,4
female/f322.jpg,5
female/f1053.jpg,2
female/f896.jpg,2
female/f196.jpg,4
female/f544.jpg,4
female/f1439.jpg,4
female/f716.jpg,1
female/f1505.jpg,4
female/f906.jpg,2
female/f564.jpg,4
female/f259.jpg,3
female/f1438.jpg,1
female/f1703.jpg,1
female/f1959.jpg,3
female/f45.jpg,1
female/f988.jpg,5
female/f469.jpg,4
female/f1945.jpg,5
female/f1806.jpg,3
female/f292.jpg,4
female/f1869.jpg,3
female/f1786.jpg,4
female/f1707.jpg,5
female/f879.jpg,3
female/f43.jpg,5
female/f1542.jpg,4
female/f1748.jpg,1
female/f1433.jpg,5
female/f346.jpg,3
female/f1468.jpg,2
female/f546.jpg,5
female/f1752.jpg,4
female/f831.jpg,5
female/f1.jpg,5
female/f268.jpg,2
female/f1730.jpg,1
female/f2078.jpg,1
female/f1897.jpg,3
female/f1144.jpg,1
female/f1648.jpg,5
female/f524.jpg,4
female/f223.jpg,3
female/f1924.jpg,2
female/f1381.jpg,4
female/f508.jpg,3
female/f865.jpg,4
female/f486.jpg,3
female/f1210.jpg,1
female/f1412.jpg,4
female/f854.jpg,2
female/f1614.jpg,4
female/f1645.jpg,5
female/f439.jpg,4
female/f378.jpg,4
female/f2015.jpg,1
female/f2121.jpg,3
female/f837.jpg,3
female/f1930.jpg,3
female/f1460.jpg,4
female/f805.jpg,4
female/f1853.jpg,1
female/f64.jpg,2
female/f1919.jpg,2
female/f1702.jpg,5
female/f2128.jpg,1
female/f468.jpg,1
female/f810.jpg,5
female/f1235.jpg,4
female/f553.jpg,4
female/f1754.jpg,3
female/f1319.jpg,2
female/f1488.jpg,3
female/f217.jpg,3
female/f1616.jpg,2
female/f410.jpg,4
female/f1824.jpg,5
female/f1449.jpg,1
female/f1060.jpg,3
female/f2018.jpg,5
female/f1126.jpg,4
female/f1750.jpg,1
female/f2020.jpg,4
female/f1277.jpg,3
female/f152.jpg,5
female/f396.jpg,5
female/f1893.jpg,4
female/f2023.jpg,4
female/f1434.jpg,2
female/f457.jpg,4
female/f1867.jpg,2
female/f1441.jpg,4
female/f2065.jpg,2
female/f250.jpg,4
female/f2144.jpg,5
female/f1562.jpg,2
female/f1682.jpg,3
female/f379.jpg,5
female/f661.jpg,5
female/f73.jpg,1
female/f2014.jpg,4
female/f2001.jpg,1
female/f1656.jpg,4
female/f2070.jpg,4
female/f797.jpg,4
female/f1145.jpg,3
female/f1556.jpg,4
female/f1815.jpg,4
female/f1629.jpg,4
female/f307.jpg,3
female/f1519.jpg,3
female/f509.jpg,4
female/f2101.jpg,4
female/f1171.jpg,2
female/f1561.jpg,2
female/f441.jpg,3
female/f361.jpg,5
female/f1109.jpg,5
female/f1065.jpg,2
female/f986.jpg,5
female/f1912.jpg,3
female/f806.jpg,2
female/f728.jpg,2
female/f746.jpg,4
female/f1314.jpg,5
female/f730.jpg,2
female/f88.jpg,5
female/f2000.jpg,4
female/f1788.jpg,1
female/f391.jpg,3
female/f2084.jpg,4
female/f1153.jpg,4
female/f1692.jpg,5
female/f540.jpg,4
female/f826.jpg,1
female/f1160.jpg,3
female/f1695.jpg,4
female/f703.jpg,1
female/f1102.jpg,1
female/f1847.jpg,2
female/f1935.jpg,5
female/f1646.jpg,2
female/f1107.jpg,2
female/f1140.jpg,2
female/f684.jpg,4
female/f1424.jpg,2
female/f1761.jpg,4
female/f2124.jpg,3
female/f1513.jpg,3
female/f2167.jpg,4
female/f1103.jpg,3
female/f741.jpg,4
female/f1480.jpg,4
female/f763.jpg,2
female/f673.jpg,3
female/f559.jpg,3
female/f1599.jpg,1
female/f606.jpg,3
female/f272.jpg,4
female/f193.jpg,3
female/f643.jpg,1
female/f25.jpg,3
female/f1790.jpg,2
female/f2139.jpg,4
female/f1261.jpg,3
female/f747.jpg,1
female/f925.jpg,3
female/f1977.jpg,5
female/f1137.jpg,2
female/f357.jpg,3
female/f953.jpg,4
female/f297.jpg,4
female/f1543.jpg,5
female/f145.jpg,2
female/f218.jpg,2
female/f1185.jpg,5
female/f588.jpg,3
female/f1697.jpg,2
female/f174.jpg,2
female/f423.jpg,4
female/f1048.jpg,3
female/f2010.jpg,1
female/f2028.jpg,5
female/f863.jpg,1
female/f1236.jpg,1
female/f248.jpg,1
female/f1149.jpg,5
female/f13.jpg,2
female/f1039.jpg,5
female/f1769.jpg,2
female/f1539.jpg,2
female/f1566.jpg,1
female/f1834.jpg,2
female/f1725.jpg,1
female/f2036.jpg,3
female/f869.jpg,4
female/f1849.jpg,5
female/f1186.jpg,3
female/f15.jpg,4
female/f1493.jpg,3
female/f589.jpg,2
female/f1686.jpg,2
female/f1006.jpg,2
female/f1961.jpg,2
female/f2173.jpg,5
female/f58.jpg,2
female/f121.jpg,5
female/f348.jpg,2
female/f75.jpg,2
female/f131.jpg,2
female/f1958.jpg,1
female/f770.jpg,4
female/f1097.jpg,3
female/f465.jpg,4
female/f257.jpg,1
female/f788.jpg,5
female/f19.jpg,4
female/f1633.jpg,1
female/f1902.jpg,2
female/f1421.jpg,4
female/f1960.jpg,3
female/f1923.jpg,1
female/f336.jpg,4
female/f1829.jpg,1
female/f1740.jpg,3
female/f1971.jpg,4
female/f528.jpg,3
female/f241.jpg,5
female/f1071.jpg,3
female/f170.jpg,3
female/f758.jpg,5
female/f2012.jpg,5
female/f47.jpg,3
female/f1549.jpg,1
female/f1947.jpg,5
female/f1400.jpg,2
female/f659.jpg,4
female/f1258.jpg,3
female/f893.jpg,4
female/f1805.jpg,2
female/f1332.jpg,4
female/f1148.jpg,4
female/f1670.jpg,5
female/f167.jpg,5
female/f1389.jpg,1
female/f681.jpg,4
female/f884.jpg,4
female/f1528.jpg,4
female/f1896.jpg,2
female/f917.jpg,1
female/f1061.jpg,3
female/f1473.jpg,1
female/f1866.jpg,4
female/f85.jpg,1
female/f1437.jpg,2
female/f1116.jpg,1
female/f1796.jpg,1
female/f1864.jpg,3
female/f984.jpg,1
female/f535.jpg,1
female/f1466.jpg,3
female/f1007.jpg,3
female/f1598.jpg,5
female/f639.jpg,1
female/f182.jpg,4
female/f582.jpg,4
female/f1631.jpg,1
female/f440.jpg,1
female/f1920.jpg,3
female/f434.jpg,1
female/f1270.jpg,2
female/f1836.jpg,3
female/f2059.jpg,1
female/f499.jpg,4
female/f389.jpg,1
female/f1385.jpg,3
female/f557.jpg,3
female/f1246.jpg,3
female/f101.jpg,2
female/f2074.jpg,2
female/f209.jpg,1
female/f937.jpg,2
female/f808.jpg,5
female/f1352.jpg,2
female/f9.jpg,2
female/f610.jpg,4
female/f1041.jpg,4
female/f1655.jpg,3
female/f1975.jpg,3
female/f2050.jpg,2
female/f1428.jpg,2
female/f394.jpg,4
female/f1166.jpg,1
female/f90.jpg,2
female/f636.jpg,5
female/f206.jpg,3
female/f1458.jpg,5
female/f1942.jpg,2
female/f41.jpg,4
female/f1208.jpg,2
female/f2129.jpg,1
female/f1775.jpg,1
female/f617.jpg,2
female/f1693.jpg,1
female/f262.jpg,3
female/f53.jpg,5
female/f715.jpg,1
female/f787.jpg,2
female/f1572.jpg,3
female/f933.jpg,2
female/f1581.jpg,3
female/f1129.jpg,1
female/f685.jpg,3
female/f697.jpg,3
female/f1206.jpg,4
female/f1159.jpg,4
female/f400.jpg,1
female/f776.jpg,4
female/f1383.jpg,1
female/f1595.jpg,3
female/f1858.jpg,2
female/f1343.jpg,1
female/f798.jpg,5
female/f815.jpg,1
female/f1026.jpg,4
female/f1338.jpg,2
female/f1625.jpg,1
female/f979.jpg,5
female/f166.jpg,2
female/f352.jpg,4
female/f1465.jpg,4
female/f914.jpg,2
female/f1300.jpg,2
female/f1654.jpg,1
female/f1904.jpg,1
female/f1200.jpg,1
female/f371.jpg,2
female/f1271.jpg,1
female/f718.jpg,2
female/f1432.jpg,5
female/f393.jpg,2
female/f27.jpg,2
female/f418.jpg,1
female/f1676.jpg,5
female/f1721.jpg,4
female/f624.jpg,5
female/f2061.jpg,3
female/f1638.jpg,1
female/f779.jpg,2
female/f2109.jpg,5
female/f860.jpg,2
female/f990.jpg,1
female/f1263.jpg,3
female/f414.jpg,2
female/f1728.jpg,1
female/f845.jpg,3
female/f623.jpg,3
female/f232.jpg,2
female/f1335.jpg,3
female/f772.jpg,2
female/f1738.jpg,3
female/f539.jpg,5
female/f1583.jpg,3
female/f1777.jpg,4
female/f1590.jpg,4
female/f1260.jpg,1
female/f868.jpg,4
female/f1999.jpg,5
female/f1576.jpg,4
female/f141.jpg,4
female/f1756.jpg,1
female/f1875.jpg,3
female/f1546.jpg,5
female/f1771.jpg,5
female/f2116.jpg,3
female/f1088.jpg,4
female/f1938.jpg,5
female/f1327.jpg,4
female/f1846.jpg,5
female/f1054.jpg,4
female/f433.jpg,5
female/f340.jpg,4
female/f466.jpg,2
female/f360.jpg,3
female/f1375.jpg,3
female/f239.jpg,1
female/f1361.jpg,3
female/f4.jpg,3
female/f522.jpg,3
female/f696.jpg,4
female/f60.jpg,4
female/f992.jpg,2
female/f1317.jpg,4
female/f977.jpg,1
female/f71.jpg,4
female/f1132.jpg,2
female/f491.jpg,4
female/f290.jpg,5
female/f161.jpg,5
female/f255.jpg,1
female/f160.jpg,1
female/f804.jpg,4
female/f1928.jpg,3
female/f1534.jpg,3
female/f2148.jpg,3
female/f1821.jpg,5
female/f1098.jpg,4
female/f2154.jpg,5
female/f82.jpg,3
female/f1201.jpg,5
female/f1447.jpg,2
female/f765.jpg,3
female/f743.jpg,1
female/f1321.jpg,1
female/f1080.jpg,2
female/f1204.jpg,2
female/f1965.jpg,5
female/f1604.jpg,2
female/f270.jpg,5
female/f1158.jpg,2
female/f1615.jpg,1
female/f1746.jpg,2
female/f1511.jpg,5
female/f142.jpg,1
female/f1584.jpg,2
female/f1073.jpg,1
female/f1219.jpg,2
female/f1936.jpg,5
female/f1719.jpg,5
female/f2045.jpg,2
female/f1341.jpg,1
female/f1760.jpg,2
female/f1081.jpg,4
female/f1844.jpg,2
female/f1988.jpg,2
female/f1891.jpg,2
female/f713.jpg,4
female/f1679.jpg,2
female/f676.jpg,2
female/f46.jpg,3
female/f446.jpg,3
female/f895.jpg,3
female/f443.jpg,5
female/f1865.jpg,2
female/f20.jpg,2
female/f595.jpg,1
female/f408.jpg,5
female/f1028.jpg,2
female/f774.jpg,2
female/f2008.jpg,5
female/f204.jpg,2
female/f1347.jpg,2
female/f1734.jpg,1
female/f471.jpg,1
female/f244.jpg,5
female/f760.jpg,5
female/f679.jpg,5
female/f1312.jpg,2
female/f2069.jpg,4
female/f754.jpg,3
female/f630.jpg,5
female/f1694.jpg,2
female/f1490.jpg,3
female/f1058.jpg,5
female/f1911.jpg,1
female/f374.jpg,1
female/f498.jpg,4
female/f911.jpg,4
female/f1731.jpg,5
female/f1927.jpg,3
female/f1011.jpg,5
female/f1792.jpg,2
female/f61.jpg,4
female/f2049.jpg,4
female/f927.jpg,2
female/f892.jpg,3
female/f1982.jpg,4
female/f485.jpg,4
female/f1307.jpg,3
female/f2161.jpg,4
female/f1371.jpg,5
female/f1510.jpg,4
female/f846.jpg,5
female/f562.jpg,3
female/f1594.jpg,5
female/f583.jpg,4
female/f978.jpg,5
female/f1291.jpg,3
female/f1512.jpg,1
female/f641.jpg,4
female/f1795.jpg,4
female/f1882.jpg,4
female/f1363.jpg,1
female/f700.jpg,2
female/f2043.jpg,3
female/f1887.jpg,2
female/f1574.jpg,1
female/f735.jpg,2
female/f1477.jpg,1
female/f194.jpg,5
female/f1934.jpg,2
female/f1516.jpg,3
female/f1057.jpg,2
female/f1475.jpg,3
female/f1168.jpg,1
female/f1346.jpg,3
female/f1472.jpg,5
female/f1724.jpg,4
female/f122.jpg,4
female/f1823.jpg,5
female/f327.jpg,2
female/f1755.jpg,1
female/f1506.jpg,4
female/f497.jpg,1
female/f936.jpg,5
female/f862.jpg,4
female/f744.jpg,5
female/f803.jpg,5
female/f8.jpg,5
female/f1602.jpg,2
female/f492.jpg,5
female/f1112.jpg,3
female/f1257.jpg,4
female/f1932.jpg,1
female/f1600.jpg,3
female/f93.jpg,5
female/f282.jpg,3
female/f190.jpg,4
female/f2057.jpg,2
female/f2165.jpg,5
female/f828.jpg,4
female/f856.jpg,1
female/f227.jpg,1
female/f1068.jpg,2
female/f318.jpg,4
female/f435.jpg,5
female/f1131.jpg,5
female/f551.jpg,5
female/f461.jpg,4
female/f647.jpg,2
female/f2119.jpg,2
female/f1135.jpg,5
female/f819.jpg,5
female/f695.jpg,1
female/f1993.jpg,3
female/f1176.jpg,4
female/f561.jpg,2
female/f186.jpg,1
female/f1380.jpg,2
female/f2159.jpg,5
female/f2166.jpg,2
female/f608.jpg,1
female/f955.jpg,2
female/f1274.jpg,4
female/f293.jpg,4
female/f1607.jpg,3
female/f1241.jpg,3
female/f315.jpg,3
female/f1151.jpg,2
female/f982.jpg,1
female/f1885.jpg,3
female/f1306.jpg,2
female/f280.jpg,5
female/f742.jpg,5
female/f1279.jpg,4
female/f625.jpg,5
female/f251.jpg,2
female/f555.jpg,1
female/f1966.jpg,3
female/f1075.jpg,4
female/f541.jpg,4
female/f437.jpg,4
female/f454.jpg,4
female/f1673.jpg,1
female/f1124.jpg,4
female/f1331.jpg,4
female/f94.jpg,5
female/f1642.jpg,1
female/f1179.jpg,5
female/f316.jpg,3
female/f1196.jpg,4
female/f1905.jpg,5
female/f23.jpg,4
female/f1890.jpg,2
female/f2085.jpg,4
female/f1759.jpg,5
female/f172.jpg,2
female/f1984.jpg,4
female/f1683.jpg,5
female/f876.jpg,2
female/f2102.jpg,4
female/f1514.jpg,3
female/f1500.jpg,4
female/f618.jpg,5
female/f1613.jpg,1
female/f947.jpg,2
female/f26.jpg,1
female/f1929.jpg,4
female/f1267.jpg,5
female/f1987.jpg,3
female/f1005.jpg,2
female/f1622.jpg,3
female/f1461.jpg,3
female/f63.jpg,2
female/f1436.jpg,2
female/f2146.jpg,2
female/f663.jpg,5
female/f627.jpg,3
female/f771.jpg,1
female/f2170.jpg,4
female/f1030.jpg,2
female/f1214.jpg,5
female/f2024.jpg,1
female/f387.jpg,1
female/f2076.jpg,4
female/f554.jpg,5
female/f1287.jpg,1
female/f301.jpg,4
female/f662.jpg,3
female/f980.jpg,2
female/f2140.jpg,1
female/f586.jpg,3
female/f705.jpg,3
female/f199.jpg,3
female/f1557.jpg,2
female/f605.jpg,5
female/f2108.jpg,1
female/f1978.jpg,4
female/f682.jpg,4
female/f489.jpg,2
female/f1753.jpg,1
female/f1033.jpg,5
female/f1027.jpg,5
female/f2117.jpg,3
female/f1136.jpg,3
female/f1010.jpg,2
female/f1996.jpg,1
female/f180.jpg,2
female/f1052.jpg,1
female/f686.jpg,5
female/f675.jpg,1
female/f1969.jpg,3
female/f593.jpg,4
female/f1244.jpg,4
female/f1272.jpg,2
female/f1850.jpg,4
female/f107.jpg,5
female/f1554.jpg,5
female/f1384.jpg,3
female/f281.jpg,1
female/f1362.jpg,5
female/f1349.jpg,5
female/f2083.jpg,2
female/f878.jpg,4
female/f325.jpg,2
female/f552.jpg,4
female/f24.jpg,3
female/f479.jpg,3
female/f30.jpg,2
female/f254.jpg,1
female/f1232.jpg,1
female/f329.jpg,5
female/f1820.jpg,3
female/f1872.jpg,3
female/f882.jpg,3
female/f1228.jpg,3
female/f240.jpg,4
female/f1908.jpg,1
female/f162.jpg,4
female/f2122.jpg,2
female/f449.jpg,5
female/f1747.jpg,5
female/f1491.jpg,5
female/f2034.jpg,4
female/f902.jpg,3
female/f811.jpg,4
female/f1337.jpg,4
female/f1394.jpg,1
female/f1416.jpg,2
female/f1610.jpg,2
female/f1162.jpg,1
female/f548.jpg,3
female/f1635.jpg,4
female/f866.jpg,4
female/f330.jpg,4
female/f164.jpg,2
female/f628.jpg,2
female/f112.jpg,1
female/f18.jpg,4
female/f1666.jpg,3
female/f2048.jpg,5
female/f637.jpg,3
female/f483.jpg,3
female/f1745.jpg,1
female/f429.jpg,4
female/f949.jpg,4
female/f738.jpg,4
female/f2042.jpg,4
female/f1856.jpg,5
female/f1255.jpg,4
female/f1099.jpg,3
female/f1868.jpg,5
female/f238.jpg,2
female/f2089.jpg,3
female/f1164.jpg,1
female/f669.jpg,2
female/f365.jpg,2
female/f405.jpg,1
female/f1336.jpg,3
female/f40.jpg,2
female/f591.jpg,4
female/f1596.jpg,5
female/f928.jpg,1
female/f110.jpg,3
female/f260.jpg,4
female/f1322.jpg,2
female/f918.jpg,1
female/f1110.jpg,2
female/f607.jpg,2
female/f1943.jpg,5
female/f2120.jpg,1
female/f1895.jpg,2
female/f1220.jpg,5
female/f22.jpg,5
female/f171.jpg,4
female/f1032.jpg,2
female/f2004.jpg,4
female/f1989.jpg,2
female/f1899.jpg,2
female/f921.jpg,1
female/f150.jpg,4
female/f106.jpg,3
female/f1216.jpg,5
female/f1119.jpg,1
female/f428.jpg,4
female/f2019.jpg,4
female/f1845.jpg,1
female/f313.jpg,2
female/f1118.jpg,1
female/f1530.jpg,1
female/f1879.jpg,3
female/f406.jpg,4
female/f1509.jpg,1
female/f871.jpg,5
female/f2162.jpg,2
female/f1376.jpg,2
female/f1485.jpg,2
female/f1778.jpg,3
female/f1478.jpg,5
female/f1690.jpg,2
female/f455.jpg,1
female/f872.jpg,3
female/f2017.jpg,2
female/f216.jpg,5
female/f711.jpg,1
female/f2136.jpg,4
female/f1878.jpg,4
female/f848.jpg,3
female/f1881.jpg,3
female/f1001.jpg,1
female/f680.jpg,1
female/f1038.jpg,1
female/f5.jpg,5
female/f426.jpg,2
female/f1142.jpg,5
female/f1360.jpg,4
female/f598.jpg,3
female/f1089.jpg,5
female/f898.jpg,5
female/f2009.jpg,4
female/f1029.jpg,3
female/f1558.jpg,3
female/f1076.jpg,3
female/f51.jpg,1
female/f1931.jpg,5
female/f1213.jpg,2
female/f1579.jpg,4
female/f1593.jpg,5
female/f214.jpg,5
female/f2079.jpg,3
female/f867.jpg,4
female/f456.jpg,2
female/f1188.jpg,4
female/f1090.jpg,2
female/f2075.jpg,4
female/f909.jpg,5
female/f597.jpg,2
female/f1173.jpg,4
female/f1811.jpg,3
female/f1430.jpg,3
female/f725.jpg,1
female/f1662.jpg,5
female/f1710.jpg,3
female/f494.jpg,5
female/f1369.jpg,3
female/f1680.jpg,2
female/f1860.jpg,4
female/f1921.jpg,4
female/f358.jpg,1
female/f1741.jpg,4
female/f484.jpg,4
female/f1044.jpg,1
female/f1431.jpg,2
female/f2123.jpg,4
female/f17.jpg,5
female/f2086.jpg,2
female/f800.jpg,2
female/f920.jpg,1
female/f2002.jpg,5
female/f177.jpg,5
female/f678.jpg,1
female/f545.jpg,1
female/f126.jpg,4
female/f822.jpg,2
female/f558.jpg,5
female/f397.jpg,4
female/f143.jpg,1
female/f1023.jpg,2
female/f1486.jpg,4
female/f1471.jpg,4
female/f2103.jpg,1
female/f83.jpg,2
female/f1079.jpg,2
female/f834.jpg,1
female/f634.jpg,1
female/f1470.jpg,2
female/f704.jpg,1
female/f864.jpg,5
female/f1299.jpg,4
female/f1685.jpg,2
female/f233.jpg,1
female/f1807.jpg,3
female/f1002.jpg,3
female/f1900.jpg,2
female/f105.jpg,1
female/f243.jpg,5
female/f409.jpg,5
female/f1544.jpg,2
female/f944.jpg,4
female/f1356.jpg,2
female/f1517.jpg,1
female/f985.jpg,4
female/f1575.jpg,3
female/f2092.jpg,4
female/f1285.jpg,2
female/f503.jpg,5
female/f904.jpg,5
female/f157.jpg,4
female/f1227.jpg,1
female/f912.jpg,4
female/f1310.jpg,3
female/f117.jpg,4
female/f338.jpg,2
female/f1143.jpg,5
female/f785.jpg,2
female/f2126.jpg,5
female/f594.jpg,3
female/f1359.jpg,2
female/f1663.jpg,5
female/f631.jpg,2
female/f1617.jpg,2
female/f102.jpg,4
female/f913.jpg,3
female/f66.jpg,4
female/f1619.jpg,2
female/f1262.jpg,4
female/f1541.jpg,5
female/f1268.jpg,3
female/f246.jpg,2
female/f1242.jpg,1
female/f314.jpg,2
female/f91.jpg,5
female/f344.jpg,3
female/f44.jpg,1
female/f2039.jpg,1
female/f252.jpg,3
female/f786.jpg,2
female/f897.jpg,5
female/f615.jpg,4
female/f1569.jpg,4
female/f1723.jpg,4
female/f861.jpg,5
female/f84.jpg,4
female/f427.jpg,5
female/f1671.jpg,2
female/f987.jpg,5
female/f1125.jpg,2
female/f753.jpg,2
female/f1021.jpg,4
female/f100.jpg,4
female/f1025.jpg,5
female/f851.jpg,2
female/f234.jpg,2
female/f820.jpg,4
female/f237.jpg,4
female/f2142.jpg,1
female/f1284.jpg,5
female/f2021.jpg,4
female/f399.jpg,4
female/f578.jpg,5
female/f201.jpg,5
female/f284.jpg,4
female/f1825.jpg,2
female/f693.jpg,4
female/f1456.jpg,3
female/f1334.jpg,3
female/f1150.jpg,3
female/f1503.jpg,1
female/f1297.jpg,4
female/f1139.jpg,5
female/f1653.jpg,5
female/f710.jpg,2
female/f506.jpg,1
female/f1275.jpg,2
female/f1172.jpg,1
female/f2056.jpg,4
female/f858.jpg,5
female/f2171.jpg,3
female/f118.jpg,4
female/f1411.jpg,4
female/f1078.jpg,4
female/f1138.jpg,2
female/f1464.jpg,2
female/f719.jpg,2
female/f1944.jpg,4
female/f1660.jpg,3
female/f1165.jpg,3
female/f1863.jpg,4
female/f1699.jpg,2
female/f269.jpg,3
female/f74.jpg,4
female/f1202.jpg,2
female/f748.jpg,1
female/f1452.jpg,1
female/f922.jpg,5
female/f1523.jpg,4
female/f266.jpg,5
female/f1772.jpg,2
female/f1096.jpg,5
female/f707.jpg,3
female/f1559.jpg,1
female/f222.jpg,4
female/f1783.jpg,5
female/f2097.jpg,5
female/f1700.jpg,3
female/f1387.jpg,3
female/f125.jpg,4
female/f529.jpg,1
female/f1494.jpg,4
female/f974.jpg,4
female/f2094.jpg,5
female/f931.jpg,5
female/f1536.jpg,4
female/f205.jpg,4
female/f3.jpg,5
female/f228.jpg,4
female/f286.jpg,4
female/f1406.jpg,4
female/f299.jpg,5
female/f2052.jpg,2
female/f1835.jpg,3
female/f915.jpg,1
female/f813.jpg,5
female/f1630.jpg,3
female/f1933.jpg,4
female/f1018.jpg,4
female/f1211.jpg,3
female/f1632.jpg,1
female/f366.jpg,1
female/f1315.jpg,4
female/f567.jpg,1
female/f72.jpg,1
female/f1948.jpg,4
female/f476.jpg,1
female/f527.jpg,2
female/f1992.jpg,2
female/f843.jpg,2
female/f62.jpg,5
female/f1803.jpg,5
female/f2007.jpg,1
female/f226.jpg,2
female/f571.jpg,1
female/f677.jpg,4
female/f1634.jpg,5
female/f510.jpg,3
female/f386.jpg,2
female/f1440.jpg,3
female/f2060.jpg,2
female/f1714.jpg,5
female/f1358.jpg,2
female/f108.jpg,1
female/f328.jpg,3
female/f946.jpg,1
female/f781.jpg,3
female/f419.jpg,4
female/f127.jpg,4
female/f163.jpg,4
female/f402.jpg,3
female/f1592.jpg,4
female/f55.jpg,5
female/f515.jpg,3
female/f2141.jpg,1
female/f1713.jpg,2
female/f144.jpg,5
female/f2135.jpg,1
female/f761.jpg,2
female/f296.jpg,4
female/f1526.jpg,3
female/f2153.jpg,5
female/f1852.jpg,1
female/f1749.jpg,5
female/f173.jpg,3
female/f1910.jpg,1
female/f1344.jpg,5
female/f1545.jpg,2
female/f32.jpg,5
female/f1184.jpg,2
female/f789.jpg,2
female/f1742.jpg,5
female/f1251.jpg,4
female/f732.jpg,1
female/f1413.jpg,5
female/f1303.jpg,5
female/f231.jpg,3
female/f1949.jpg,1
female/f1247.jpg,3
female/f622.jpg,1
female/f184.jpg,1
female/f319.jpg,4
female/f1973.jpg,3
female/f1286.jpg,4
female/f1152.jpg,1
female/f253.jpg,5
female/f870.jpg,5
female/f849.jpg,4
female/f1239.jpg,2
female/f1591.jpg,3
female/f599.jpg,1
female/f1564.jpg,5
female/f1813.jpg,4
female/f207.jpg,2
female/f417.jpg,1
female/f929.jpg,1
female/f1191.jpg,4
female/f1582.jpg,1
female/f36.jpg,2
female/f963.jpg,4
female/f1014.jpg,3
female/f1120.jpg,1
female/f68.jpg,2
female/f2032.jpg,5
female/f2016.jpg,5
female/f1290.jpg,4
female/f1175.jpg,4
female/f1712.jpg,1
female/f1193.jpg,1
female/f115.jpg,5
female/f472.jpg,5
female/f1711.jpg,1
female/f1237.jpg,5
female/f1492.jpg,4
female/f1529.jpg,5
female/f1320.jpg,1
female/f1674.jpg,2
female/f520.jpg,3
female/f130.jpg,2
female/f1442.jpg,5
female/f1146.jpg,3
female/f757.jpg,3
female/f76.jpg,4
female/f1780.jpg,1
female/f1345.jpg,4
female/f525.jpg,5
female/f1497.jpg,5
female/f1333.jpg,3
female/f1808.jpg,5
female/f1626.jpg,4
female/f1429.jpg,4
female/f1250.jpg,1
female/f823.jpg,3
female/f425.jpg,2
female/f1205.jpg,1
female/f2164.jpg,3
female/f665.jpg,2
female/f1883.jpg,5
female/f981.jpg,3
female/f2158.jpg,1
female/f493.jpg,1
female/f1066.jpg,2
female/f740.jpg,2
female/f2067.jpg,5
female/f474.jpg,2
female/f1197.jpg,2
female/f1605.jpg,5
female/f247.jpg,4
female/f940.jpg,5
female/f496.jpg,1
female/f1718.jpg,5
female/f956.jpg,1
female/f1203.jpg,5
female/f575.jpg,3
female/f113.jpg,4
female/f1585.jpg,3
female/f514.jpg,3
female/f999.jpg,2
female/f176.jpg,5
female/f542.jpg,1
female/f2031.jpg,4
female/f2149.jpg,3
female/f1567.jpg,5
female/f1990.jpg,2
female/f1916.jpg,5
female/f1532.jpg,4
female/f482.jpg,1
female/f962.jpg,3
female/f1278.jpg,1
female/f1323.jpg,4
female/f388.jpg,3
female/f818.jpg,4
female/f1784.jpg,3
female/f1502.jpg,5
female/f1810.jpg,2
female/f500.jpg,2
female/f495.jpg,4
female/f1479.jpg,4
female/f2113.jpg,2
female/f1264.jpg,1
female/f969.jpg,5
female/f1701.jpg,2
female/f2005.jpg,3
female/f941.jpg,1
female/f792.jpg,4
female/f1715.jpg,5
female/f304.jpg,1
female/f547.jpg,4
female/f120.jpg,3
female/f801.jpg,3
female/f1817.jpg,1
female/f404.jpg,5
female/f1309.jpg,3
female/f729.jpg,5
female/f2062.jpg,4
female/f1495.jpg,5
female/f1388.jpg,2
female/f1522.jpg,3
female/f722.jpg,5
female/f573.jpg,3
female/f1217.jpg,4
female/f153.jpg,1
female/f971.jpg,5
female/f215.jpg,5
female/f829.jpg,5
female/f2013.jpg,5
female/f736.jpg,2
female/f149.jpg,4
female/f825.jpg,5
female/f1392.jpg,2
female/f1313.jpg,5
female/f950.jpg,3
female/f364.jpg,4
female/f1397.jpg,5
female/f1111.jpg,1
female/f1668.jpg,3
female/f448.jpg,3
female/f1535.jpg,5
female/f1498.jpg,2
female/f12.jpg,4
female/f1995.jpg,4
female/f1182.jpg,1
female/f1084.jpg,3
female/f463.jpg,2
female/f993.jpg,2
female/f324.jpg,1
female/f1917.jpg,3
female/f1507.jpg,3
female/f1245.jpg,5
female/f1537.jpg,5
female/f1791.jpg,4
female/f1403.jpg,5
female/f1848.jpg,2
female/f1624.jpg,5
female/f885.jpg,2
female/f438.jpg,2
female/f168.jpg,1
female/f972.jpg,4
female/f376.jpg,3
female/f2151.jpg,5
female/f398.jpg,5
female/f1832.jpg,5
female/f1538.jpg,1
female/f57.jpg,1
female/f1013.jpg,3
female/f1774.jpg,2
female/f1414.jpg,2
female/f342.jpg,4
female/f1664.jpg,3
female/f1609.jpg,4
female/f1377.jpg,3
female/f368.jpg,3
female/f1318.jpg,3
female/f87.jpg,3
female/f481.jpg,5
female/f1455.jpg,3
female/f1425.jpg,2
female/f298.jpg,3
female/f273.jpg,2
female/f709.jpg,5
female/f1093.jpg,1
female/f1765.jpg,5
female/f1355.jpg,5
female/f1974.jpg,5
female/f390.jpg,4
female/f49.jpg,5
female/f1330.jpg,2
female/f258.jpg,1
female/f1525.jpg,3
female/f1288.jpg,3
female/f2156.jpg,3
female/f1640.jpg,4
female/f1816.jpg,3
female/f1926.jpg,1
female/f880.jpg,2
female/f701.jpg,3
female/f464.jpg,2
female/f1423.jpg,4
female/f1909.jpg,3
female/f2127.jpg,2
female/f1733.jpg,4
female/f1941.jpg,1
female/f1501.jpg,4
female/f1830.jpg,3
female/f1606.jpg,3
female/f490.jpg,1
female/f1983.jpg,4
female/f2134.jpg,5
female/f712.jpg,4
female/f1417.jpg,5
female/f2090.jpg,3
female/f1787.jpg,2
female/f2118.jpg,1
female/f1115.jpg,2
female/f1913.jpg,3
female/f1443.jpg,1
female/f1657.jpg,3
female/f1877.jpg,4
female/f2046.jpg,2
female/f1043.jpg,5
female/f543.jpg,2
female/f2099.jpg,1
female/f887.jpg,1
female/f2029.jpg,3
female/f1167.jpg,1
female/f2106.jpg,1
female/f1106.jpg,4
female/f1499.jpg,5
female/f1782.jpg,1
female/f1841.jpg,4
female/f1067.jpg,4
female/f996.jpg,1
female/f1809.jpg,5
female/f1827.jpg,4
female/f1675.jpg,3
female/f908.jpg,3
female/f824.jpg,5
female/f1957.jpg,5
female/f178.jpg,2
female/f942.jpg,1
female/f1276.jpg,1
female/f2111.jpg,2
female/f1365.jpg,1
female/f202.jpg,1
female/f614.jpg,1
female/f1218.jpg,4
female/f621.jpg,2
female/f640.jpg,4
female/f353.jpg,3
female/f585.jpg,1
female/f412.jpg,2
female/f1565.jpg,2
female/f847.jpg,2
female/f649.jpg,5
female/f1758.jpg,3
female/f948.jpg,1
female/f421.jpg,2
female/f1915.jpg,3
female/f737.jpg,5
female/f445.jpg,1
female/f1708.jpg,4
female/f1855.jpg,3
female/f1826.jpg,5
female/f809.jpg,5
female/f139.jpg,3
female/f723.jpg,1
female/f513.jpg,5
female/f458.jpg,3
female/f1017.jpg,4
female/f1212.jpg,3
female/f95.jpg,1
female/f1570.jpg,1
female/f1000.jpg,4
female/f1446.jpg,2
female/f1174.jpg,4
female/f2072.jpg,2
female/f444.jpg,5
female/f1641.jpg,2
female/f633.jpg,4
female/f2107.jpg,4
female/f952.jpg,3
female/f638.jpg,1
female/f2064.jpg,4
female/f158.jpg,3
female/f151.jpg,2
female/f1589.jpg,2
female/f923.jpg,4
female/f592.jpg,5
female/f1560.jpg,1
female/f345.jpg,4
female/f644.jpg,1
female/f1281.jpg,5
female/f2088.jpg,5
female/f339.jpg,5
female/f459.jpg,4
female/f1229.jpg,1
female/f657.jpg,1
female/f655.jpg,5
female/f1563.jpg,5
female/f1046.jpg,3
female/f1862.jpg,4
female/f460.jpg,1
female/f321.jpg,4
female/f2063.jpg,4
female/f2150.jpg,5
female/f16.jpg,1
female/f1667.jpg,2
female/f372.jpg,4
female/f1489.jpg,1
female/f1496.jpg,1
female/f2035.jpg,4
female/f881.jpg,1
female/f961.jpg,5
female/f1249.jpg,5
female/f1147.jpg,1
female/f692.jpg,2
female/f261.jpg,1
female/f359.jpg,4
female/f77.jpg,2
female/f1070.jpg,2
female/f300.jpg,4
female/f660.jpg,4
female/f407.jpg,1
female/f1939.jpg,3
female/f2077.jpg,5
female/f620.jpg,2
female/f475.jpg,2
female/f155.jpg,2
female/f415.jpg,5
female/f1814.jpg,4
female/f236.jpg,3
female/f442.jpg,3
female/f619.jpg,1
female/f975.jpg,1
female/f935.jpg,3
female/f670.jpg,2
female/f1462.jpg,5
female/f1101.jpg,1
female/f1898.jpg,1
female/f1391.jpg,5
female/f654.jpg,3
female/f395.jpg,2
female/f1240.jpg,3
female/f1819.jpg,5
female/f556.jpg,1
female/f401.jpg,4
female/f688.jpg,2
female/f135.jpg,5
female/f104.jpg,2
female/f70.jpg,5
female/f1880.jpg,2
female/f349.jpg,4
female/f54.jpg,3
female/f795.jpg,3
female/f347.jpg,4
female/f1077.jpg,5
female/f1555.jpg,3
female/f312.jpg,4
female/f97.jpg,5
female/f934.jpg,5
female/f288.jpg,1
female/f1552.jpg,3
female/f1952.jpg,1
female/f451.jpg,5
female/f109.jpg,5
female/f734.jpg,3
female/f1374.jpg,1
female/f2073.jpg,5
female/f1222.jpg,5
female/f886.jpg,5
female/f1294.jpg,4
female/f1292.jpg,1
female/f1906.jpg,3
female/f295.jpg,4
female/f1092.jpg,5
female/f702.jpg,1
female/f1410.jpg,4
female/f1181.jpg,4
female/f2041.jpg,2
female/f1639.jpg,2
female/f275.jpg,1
female/f413.jpg,1
female/f572.jpg,5
female/f873.jpg,3
female/f377.jpg,1
female/f1243.jpg,3
female/f179.jpg,2
female/f1422.jpg,5
female/f536.jpg,3
female/f833.jpg,2
female/f81.jpg,1
female/f332.jpg,2
female/f1024.jpg,2
female/f185.jpg,4
female/f755.jpg,1
female/f416.jpg,1
female/f411.jpg,1
female/f1907.jpg,3
female/f34.jpg,3
female/f147.jpg,3
female/f954.jpg,1
female/f263.jpg,3
female/f213.jpg,4
female/f905.jpg,4
female/f278.jpg,5
female/f2115.jpg,1
female/f380.jpg,2
female/f1799.jpg,3
female/f1348.jpg,1
female/f1035.jpg,2
female/f531.jpg,5
female/f203.jpg,4
female/f78.jpg,4
female/f802.jpg,3
female/f354.jpg,2
female/f1398.jpg,3
female/f355.jpg,3
female/f370.jpg,4
female/f2114.jpg,5
female/f1687.jpg,3
female/f775.jpg,5
female/f86.jpg,4
female/f1937.jpg,5
female/f154.jpg,2
female/f1831.jpg,2
female/f2026.jpg,1
female/f1608.jpg,5
female/f1209.jpg,5
female/f596.jpg,5
female/f1763.jpg,2
female/f1484.jpg,2
female/f859.jpg,3
female/f242.jpg,4
female/f1531.jpg,2
female/f224.jpg,2
female/f1254.jpg,2
female/f652.jpg,1
female/f1764.jpg,4
female/f1457.jpg,2
female/f903.jpg,4
female/f724.jpg,2
female/f959.jpg,3
female/f2.jpg,2
female/f733.jpg,1
female/f1839.jpg,5
female/f2147.jpg,2
female/f916.jpg,2
female/f35.jpg,5
female/f2155.jpg,5
female/f1801.jpg,1
female/f1415.jpg,3
female/f1785.jpg,3
female/f782.jpg,1
female/f574.jpg,1
female/f1407.jpg,2
female/f664.jpg,4
female/f507.jpg,1
female/f973.jpg,4
female/f784.jpg,3
female/f2098.jpg,4
female/f1259.jpg,1
female/f1108.jpg,1
female/f1779.jpg,1
female/f1681.jpg,3
female/f2040.jpg,5
female/f80.jpg,2
female/f1804.jpg,2
female/f783.jpg,2
female/f2133.jpg,2
female/f192.jpg,3
female/f1677.jpg,3
female/f1454.jpg,2
female/f526.jpg,5
female/f265.jpg,3
female/f1055.jpg,2
female/f1163.jpg,1
female/f1155.jpg,2
female/f1762.jpg,5
female/f604.jpg,3
female/f175.jpg,1
female/f1658.jpg,4
female/f1798.jpg,4
female/f648.jpg,2
female/f1504.jpg,3
female/f1238.jpg,5
female/f1062.jpg,2
female/f857.jpg,4
female/f1859.jpg,1
female/f1649.jpg,1
female/f2112.jpg,2
female/f285.jpg,1
female/f842.jpg,2
female/f1311.jpg,1
female/f1553.jpg,5
female/f1627.jpg,5
female/f1418.jpg,3
female/f1659.jpg,4
female/f220.jpg,3
female/f991.jpg,5
female/f1884.jpg,1
female/f1091.jpg,2
female/f581.jpg,3
female/f283.jpg,2
female/f1689.jpg,1
female/f517.jpg,4
female/f326.jpg,4
female/f1922.jpg,5
female/f1248.jpg,2
female/f2058.jpg,1
female/f1840.jpg,5
female/f1074.jpg,2
female/f351.jpg,2
female/f1224.jpg,5
female/f1980.jpg,2
female/f603.jpg,1
female/f183.jpg,3
female/f611.jpg,2
female/f375.jpg,5
female/f1722.jpg,2
female/f1190.jpg,1
female/f1189.jpg,3
female/f629.jpg,2
female/f1353.jpg,5
female/f1064.jpg,4
female/f1072.jpg,4
female/f1521.jpg,5
female/f1797.jpg,4
female/f708.jpg,3
female/f727.jpg,3
female/f1964.jpg,3
female/f1684.jpg,4
female/f1252.jpg,3
female/f994.jpg,1
female/f674.jpg,2
female/f1789.jpg,5
female/f1672.jpg,3
female/f720.jpg,2
female/f1716.jpg,5
female/f569.jpg,5
female/f384.jpg,1
female/f195.jpg,1
female/f2138.jpg,1
female/f1100.jpg,5
female/f646.jpg,3
female/f291.jpg,5
female/f1405.jpg,3
female/f132.jpg,2
female/f1524.jpg,5
female/f211.jpg,3
female/f768.jpg,1
female/f1587.jpg,2
female/f424.jpg,2
female/f1426.jpg,3
female/f235.jpg,1
female/f1603.jpg,5
female/f341.jpg,3
female/f165.jpg,2
female/f694.jpg,1
female/f1283.jpg,3
female/f331.jpg,2
female/f1735.jpg,2
female/f827.jpg,1
female/f14.jpg,4
female/f310.jpg,2
female/f853.jpg,4
female/f616.jpg,4
female/f667.jpg,3
female/f645.jpg,2
female/f2095.jpg,3
female/f832.jpg,3
female/f137.jpg,4
female/f1034.jpg,1
female/f1308.jpg,1
female/f1040.jpg,4
female/f303.jpg,1
female/f276.jpg,3
female/f900.jpg,3
female/f794.jpg,3
female/f1727.jpg,5
female/f924.jpg,4
female/f1372.jpg,2
female/f432.jpg,3
female/f1401.jpg,5
female/f1743.jpg,2
female/f1049.jpg,3
female/f140.jpg,1
female/f119.jpg,5
female/f1409.jpg,3
female/f92.jpg,1
female/f1717.jpg,4
female/f356.jpg,4
female/f2081.jpg,3
female/f1329.jpg,4
female/f128.jpg,2
female/f888.jpg,1
female/f1620.jpg,4
female/f369.jpg,5
female/f764.jpg,3
female/f52.jpg,4
female/f816.jpg,2
female/f883.jpg,1
female/f1047.jpg,3
female/f403.jpg,2
female/f1302.jpg,4
female/f970.jpg,4
female/f901.jpg,4
female/f995.jpg,4
female/f488.jpg,5
female/f1612.jpg,4
female/f267.jpg,1
female/f835.jpg,5
female/f796.jpg,3
female/f279.jpg,3
female/f1042.jpg,4
female/f1086.jpg,2
female/f1295.jpg,4
female/f230.jpg,2
female/f698.jpg,3
female/f1976.jpg,3
female/f2143.jpg,4
female/f642.jpg,3
female/f311.jpg,2
female/f1706.jpg,5
female/f651.jpg,2
female/f431.jpg,2
female/f1547.jpg,5
female/f1994.jpg,5
female/f2047.jpg,4
female/f968.jpg,5
female/f114.jpg,2
female/f2093.jpg,2
female/f333.jpg,1
female/f1045.jpg,4
female/f473.jpg,3
female/f21.jpg,1
female/f1404.jpg,2
female/f99.jpg,3
female/f1357.jpg,4
female/f1269.jpg,2
female/f626.jpg,4
female/f1379.jpg,3
female/f2163.jpg,2
female/f1548.jpg,1
female/f1518.jpg,2
female/f1781.jpg,2
female/f533.jpg,1
female/f1130.jpg,5
female/f852.jpg,5
female/f1056.jpg,1
female/f1540.jpg,2
female/f658.jpg,3
female/f1325.jpg,2
female/f501.jpg,5
female/f2071.jpg,5
female/f2030.jpg,1
female/f1953.jpg,5
female/f1476.jpg,3
female/f2130.jpg,3
female/f773.jpg,3
female/f793.jpg,1
female/f42.jpg,4
female/f1253.jpg,3
female/f1669.jpg,4
female/f1688.jpg,1
female/f601.jpg,3
female/f1998.jpg,3
female/f584.jpg,5
female/f699.jpg,2
female/f2160.jpg,5
female/f1085.jpg,5
female/f1705.jpg,3
female/f2025.jpg,5
female/f2168.jpg,5
female/f2022.jpg,1
female/f951.jpg,1
female/f1326.jpg,5
female/f1861.jpg,3
female/f1650.jpg,3
female/f1661.jpg,1
female/f1520.jpg,5
female/f1550.jpg,5
female/f1469.jpg,1
female/f67.jpg,5
female/f39.jpg,2
female/f188.jpg,4
female/f1256.jpg,2
female/f1395.jpg,5
female/f129.jpg,4
female/f2096.jpg,2
female/f1643.jpg,5
female/f1453.jpg,4
female/f850.jpg,3
female/f1757.jpg,4
female/f59.jpg,5
female/f1580.jpg,2
female/f1474.jpg,1
female/f1378.jpg,5
female/f274.jpg,4
female/f839.jpg,2
female/f1083.jpg,3
female/f683.jpg,5
female/f1736.jpg,3
female/f570.jpg,2
female/f1851.jpg,4
female/f1141.jpg,5
female/f1946.jpg,3
female/f1445.jpg,5
female/f2104.jpg,3
female/f714.jpg,5
female/f1737.jpg,3
female/f766.jpg,1
female/f1036.jpg,5
female/f1889.jpg,3
female/f1016.jpg,5
female/f1573.jpg,3
female/f530.jpg,5
female/f2006.jpg,5
female/f1037.jpg,5
female/f687.jpg,4
female/f1914.jpg,3
female/f1985.jpg,4
female/f512.jpg,2
female/f750.jpg,5
female/f577.jpg,3
female/f487.jpg,5
female/f1050.jpg,4
female/f79.jpg,2
female/f1020.jpg,2
female/f249.jpg,2
female/f1231.jpg,2
female/f671.jpg,3
female/f653.jpg,5
female/f964.jpg,2
female/f997.jpg,5
female/f938.jpg,3
female/f1954.jpg,1
female/f1328.jpg,5
female/f2003.jpg,3
female/f1063.jpg,2
female/f767.jpg,3
female/f123.jpg,3
female/f1420.jpg,3
female/f2169.jpg,1
female/f2068.jpg,4
female/f894.jpg,2
female/f1022.jpg,1
female/f1198.jpg,4
female/f1886.jpg,3
female/f1732.jpg,3
female/f613.jpg,3
female/f1644.jpg,4
female/f844.jpg,4
female/f1230.jpg,2
female/f1366.jpg,1
female/f759.jpg,4
female/f2125.jpg,2
female/f28.jpg,2
female/f502.jpg,2
female/f1082.jpg,2
female/f814.jpg,4
female/f1577.jpg,5
female/f10.jpg,2
female/f11.jpg,1
female/f385.jpg,1
female/f1628.jpg,5
female/f1370.jpg,3
female/f1925.jpg,2
female/f1282.jpg,5
female/f1386.jpg,3
female/f116.jpg,1
female/f2131.jpg,1
female/f210.jpg,4
female/f751.jpg,3
female/f523.jpg,1
female/f1652.jpg,2
female/f1180.jpg,2
female/f756.jpg,3
female/f1766.jpg,3
female/f430.jpg,3
female/f1170.jpg,3
female/f1008.jpg,5
female/f689.jpg,3
female/f1354.jpg,3
female/f1266.jpg,2
female/f762.jpg,5
female/f56.jpg,2
female/f1773.jpg,5
female/f537.jpg,1
female/f516.jpg,3
female/f926.jpg,2
female/f1623.jpg,2
female/f1121.jpg,2
female/f1597.jpg,4
female/f1704.jpg,2
female/f1127.jpg,2
female/f1195.jpg,4
female/f821.jpg,4
female/f1793.jpg,3
female/f2027.jpg,2
female/f2051.jpg,5
female/f943.jpg,3
female/f1169.jpg,5
female/f1004.jpg,5
female/f317.jpg,3
female/f33.jpg,2
female/f1459.jpg,2
female/f1104.jpg,2
female/f565.jpg,2
female/f1515.jpg,3
female/f1611.jpg,3
female/f1527.jpg,5
female/f1739.jpg,2
female/f1651.jpg,4
female/f1720.jpg,1
female/f632.jpg,2
female/f2033.jpg,5
female/f1972.jpg,4
female/f1888.jpg,1
female/f392.jpg,5
female/f362.jpg,1
female/f1901.jpg,5
female/f668.jpg,3
female/f976.jpg,4
female/f477.jpg,5
female/f958.jpg,3
female/f6.jpg,5
female/f855.jpg,2
female/f124.jpg,1
female/f1051.jpg,3
female/f1094.jpg,2
female/f350.jpg,1
female/f612.jpg,5
female/f1970.jpg,5
female/f1154.jpg,1
female/f320.jpg,3
female/f367.jpg,2
female/f1223.jpg,5
female/f579.jpg,1
female/f890.jpg,1
female/f1157.jpg,2
female/f1876.jpg,3
female/f1187.jpg,1
female/f1069.jpg,3
female/f504.jpg,2
female/f422.jpg,5
female/f1800.jpg,3
female/f1305.jpg,5
female/f452.jpg,3
female/f306.jpg,3
female/f511.jpg,5
female/f1802.jpg,1
female/f1776.jpg,5
female/f2132.jpg,4
female/f534.jpg,4
female/f749.jpg,4
female/f287.jpg,5
female/f967.jpg,3
female/f363.jpg,4
female/f1324.jpg,2
female/f2080.jpg,5
female/f777.jpg,3
female/f1192.jpg,1
female/f1981.jpg,1
